scenario,missingness,r,economic_drift_S,mean_alerts,mean_total_cap,readiness,primary_information,incremental_information,spaced_consistency,fold_consistency,score_monotonicity,economic_evidence,adversity,robustness,concentration,full_pass,full_pass_without_adversity,binding_gate
independent,0.0,0.0,0.0,10.705,12.0,1.0,0.014,0.0005,0.1985,0.0165,0.0205,0.008,0.8745,0.0105,0.0,0.0,0.0,concentration
independent,0.0,0.0,0.1,10.705,12.0,1.0,0.014,0.0005,0.1985,0.0165,0.0205,0.0155,0.913,0.0135,0.0,0.0,0.0,concentration
independent,0.0,0.0,0.25,10.705,12.0,1.0,0.014,0.0005,0.1985,0.0165,0.0205,0.036,0.956,0.022,0.0,0.0,0.0,concentration
independent,0.0,0.05,0.0,10.6835,12.0,1.0,0.023,0.0005,0.2125,0.0265,0.028,0.0125,0.8945,0.0135,0.0,0.0,0.0,concentration
independent,0.0,0.05,0.1,10.6835,12.0,1.0,0.023,0.0005,0.2125,0.0265,0.028,0.0195,0.9305,0.019,0.0,0.0,0.0,concentration
independent,0.0,0.05,0.25,10.6835,12.0,1.0,0.023,0.0005,0.2125,0.0265,0.028,0.036,0.9665,0.0255,0.0,0.0,0.0,concentration
independent,0.0,0.1,0.0,10.643,12.0,1.0,0.0475,0.0005,0.263,0.048,0.0485,0.014,0.892,0.028,0.0,0.0,0.0,concentration
independent,0.0,0.1,0.1,10.643,12.0,1.0,0.0475,0.0005,0.263,0.048,0.0485,0.0215,0.9265,0.0395,0.0,0.0,0.0,concentration
independent,0.0,0.1,0.25,10.643,12.0,1.0,0.0475,0.0005,0.263,0.048,0.0485,0.049,0.967,0.0505,0.0,0.0,0.0,concentration
independent,0.0,0.15,0.0,10.6055,12.0,1.0,0.0965,0.0045,0.354,0.0875,0.0915,0.016,0.907,0.05,0.0,0.0,0.0,concentration
independent,0.0,0.15,0.1,10.6055,12.0,1.0,0.0965,0.0045,0.354,0.0875,0.0915,0.0275,0.937,0.066,0.0,0.0,0.0,concentration
independent,0.0,0.15,0.25,10.6055,12.0,1.0,0.0965,0.0045,0.354,0.0875,0.0915,0.063,0.9695,0.09,0.0,0.0,0.0,concentration
independent,0.0,0.2,0.0,10.615,12.0,1.0,0.192,0.0185,0.461,0.1505,0.1835,0.025,0.9325,0.083,0.0,0.0,0.0,concentration
independent,0.0,0.2,0.1,10.615,12.0,1.0,0.192,0.0185,0.461,0.1505,0.1835,0.0405,0.9565,0.112,0.0,0.0,0.0,concentration
independent,0.0,0.2,0.25,10.615,12.0,1.0,0.192,0.0185,0.461,0.1505,0.1835,0.0885,0.979,0.1475,0.0,0.0,0.0,concentration
independent,0.0,0.25,0.0,10.584,12.0,1.0,0.3635,0.052,0.582,0.25,0.3185,0.04,0.944,0.1575,0.0,0.0,0.0,concentration
independent,0.0,0.25,0.1,10.584,12.0,1.0,0.3635,0.052,0.582,0.25,0.3185,0.0665,0.964,0.2015,0.0,0.0,0.0,concentration
independent,0.0,0.25,0.25,10.584,12.0,1.0,0.3635,0.052,0.582,0.25,0.3185,0.1205,0.9805,0.253,0.0,0.0,0.0,concentration
independent,0.0,0.3,0.0,10.5755,12.0,1.0,0.565,0.112,0.7075,0.363,0.4885,0.061,0.9605,0.235,0.0,0.0,0.0,concentration
independent,0.0,0.3,0.1,10.5755,12.0,1.0,0.565,0.112,0.7075,0.363,0.4885,0.095,0.975,0.2915,0.0,0.0,0.0,concentration
independent,0.0,0.3,0.25,10.5755,12.0,1.0,0.565,0.112,0.7075,0.363,0.4885,0.155,0.99,0.3725,0.0,0.0,0.0,concentration
independent,0.0,0.4,0.0,10.606,12.0,1.0,0.878,0.364,0.884,0.611,0.8115,0.1255,0.9855,0.4635,0.0,0.0,0.0,concentration
independent,0.0,0.4,0.1,10.606,12.0,1.0,0.878,0.364,0.884,0.611,0.8115,0.177,0.992,0.5465,0.0,0.0,0.0,concentration
independent,0.0,0.4,0.25,10.606,12.0,1.0,0.878,0.364,0.884,0.611,0.8115,0.2575,0.996,0.639,0.0,0.0,0.0,concentration
independent,0.1,0.0,0.0,9.1375,10.3655,0.999,0.015,0.0005,0.189,0.0205,0.023,0.0115,0.859,0.0105,0.0,0.0,0.0,concentration
independent,0.1,0.0,0.1,9.1375,10.3655,0.999,0.015,0.0005,0.189,0.0205,0.023,0.0165,0.9045,0.0165,0.0,0.0,0.0,concentration
independent,0.1,0.0,0.25,9.1375,10.3655,0.999,0.015,0.0005,0.189,0.0205,0.023,0.0295,0.9535,0.0215,0.0,0.0,0.0,concentration
independent,0.1,0.05,0.0,9.1395,10.3655,0.999,0.0215,0.0005,0.2095,0.026,0.0325,0.01,0.8675,0.0135,0.0,0.0,0.0,concentration
independent,0.1,0.05,0.1,9.1395,10.3655,0.999,0.0215,0.0005,0.2095,0.026,0.0325,0.0185,0.908,0.0195,0.0,0.0,0.0,concentration
independent,0.1,0.05,0.25,9.1395,10.3655,0.999,0.0215,0.0005,0.2095,0.026,0.0325,0.0355,0.9565,0.0245,0.0,0.0,0.0,concentration
independent,0.1,0.1,0.0,9.1465,10.3655,0.999,0.0435,0.001,0.258,0.043,0.054,0.0095,0.883,0.02,0.0,0.0,0.0,concentration
independent,0.1,0.1,0.1,9.1465,10.3655,0.999,0.0435,0.001,0.258,0.043,0.054,0.0175,0.923,0.029,0.0,0.0,0.0,concentration
independent,0.1,0.1,0.25,9.1465,10.3655,0.999,0.0435,0.001,0.258,0.043,0.054,0.0325,0.962,0.0375,0.0,0.0,0.0,concentration
independent,0.1,0.15,0.0,9.144,10.3655,0.999,0.0925,0.009,0.343,0.073,0.0905,0.016,0.8935,0.0455,0.0,0.0,0.0,concentration
independent,0.1,0.15,0.1,9.144,10.3655,0.999,0.0925,0.009,0.343,0.073,0.0905,0.029,0.935,0.059,0.0,0.0,0.0,concentration
independent,0.1,0.15,0.25,9.144,10.3655,0.999,0.0925,0.009,0.343,0.073,0.0905,0.054,0.9645,0.081,0.0,0.0,0.0,concentration
independent,0.1,0.2,0.0,9.121,10.3655,0.999,0.17,0.024,0.4375,0.125,0.1615,0.025,0.927,0.086,0.0,0.0,0.0,concentration
independent,0.1,0.2,0.1,9.121,10.3655,0.999,0.17,0.024,0.4375,0.125,0.1615,0.04,0.9525,0.109,0.0,0.0,0.0,concentration
independent,0.1,0.2,0.25,9.121,10.3655,0.999,0.17,0.024,0.4375,0.125,0.1615,0.0665,0.975,0.1365,0.0,0.0,0.0,concentration
independent,0.1,0.25,0.0,9.106,10.3655,0.999,0.326,0.058,0.5575,0.21,0.279,0.036,0.9425,0.1425,0.0,0.0,0.0,concentration
independent,0.1,0.25,0.1,9.106,10.3655,0.999,0.326,0.058,0.5575,0.21,0.279,0.0555,0.9635,0.1795,0.0,0.0,0.0,concentration
independent,0.1,0.25,0.25,9.106,10.3655,0.999,0.326,0.058,0.5575,0.21,0.279,0.094,0.983,0.2165,0.0,0.0,0.0,concentration
independent,0.1,0.3,0.0,9.098,10.3655,0.999,0.514,0.1035,0.67,0.3295,0.442,0.0525,0.9595,0.213,0.0,0.0,0.0,concentration
independent,0.1,0.3,0.1,9.098,10.3655,0.999,0.514,0.1035,0.67,0.3295,0.442,0.073,0.9765,0.2605,0.0,0.0,0.0,concentration
independent,0.1,0.3,0.25,9.098,10.3655,0.999,0.514,0.1035,0.67,0.3295,0.442,0.1255,0.9905,0.3275,0.0,0.0,0.0,concentration
independent,0.1,0.4,0.0,9.0905,10.3655,0.999,0.857,0.334,0.8575,0.5755,0.759,0.0945,0.9765,0.403,0.0,0.0,0.0,concentration
independent,0.1,0.4,0.1,9.0905,10.3655,0.999,0.857,0.334,0.8575,0.5755,0.759,0.1325,0.9865,0.477,0.0,0.0,0.0,concentration
independent,0.1,0.4,0.25,9.0905,10.3655,0.999,0.857,0.334,0.8575,0.5755,0.759,0.18,0.9955,0.581,0.0,0.0,0.0,concentration
clustered,0.0,0.0,0.0,10.687,12.0,1.0,0.014,0.0,0.1395,0.022,0.0215,0.0105,0.862,0.005,0.0,0.0,0.0,incremental_information
clustered,0.0,0.0,0.1,10.687,12.0,1.0,0.014,0.0,0.1395,0.022,0.0215,0.02,0.903,0.0065,0.0,0.0,0.0,incremental_information
clustered,0.0,0.0,0.25,10.687,12.0,1.0,0.014,0.0,0.1395,0.022,0.0215,0.0425,0.945,0.0105,0.0,0.0,0.0,incremental_information
clustered,0.0,0.05,0.0,10.699,12.0,1.0,0.0185,0.0,0.1615,0.023,0.026,0.015,0.864,0.0075,0.0,0.0,0.0,incremental_information
clustered,0.0,0.05,0.1,10.699,12.0,1.0,0.0185,0.0,0.1615,0.023,0.026,0.0205,0.905,0.0105,0.0,0.0,0.0,incremental_information
clustered,0.0,0.05,0.25,10.699,12.0,1.0,0.0185,0.0,0.1615,0.023,0.026,0.0405,0.951,0.0155,0.0,0.0,0.0,incremental_information
clustered,0.0,0.1,0.0,10.6985,12.0,1.0,0.0315,0.001,0.207,0.0395,0.049,0.015,0.8855,0.0165,0.0,0.0,0.0,concentration
clustered,0.0,0.1,0.1,10.6985,12.0,1.0,0.0315,0.001,0.207,0.0395,0.049,0.0265,0.921,0.019,0.0,0.0,0.0,concentration
clustered,0.0,0.1,0.25,10.6985,12.0,1.0,0.0315,0.001,0.207,0.0395,0.049,0.049,0.9565,0.026,0.0,0.0,0.0,concentration
clustered,0.0,0.15,0.0,10.6595,12.0,1.0,0.0565,0.0055,0.273,0.0725,0.0895,0.023,0.889,0.0295,0.0,0.0,0.0,concentration
clustered,0.0,0.15,0.1,10.6595,12.0,1.0,0.0565,0.0055,0.273,0.0725,0.0895,0.0355,0.9245,0.035,0.0,0.0,0.0,concentration
clustered,0.0,0.15,0.25,10.6595,12.0,1.0,0.0565,0.0055,0.273,0.0725,0.0895,0.0595,0.9645,0.049,0.0,0.0,0.0,concentration
clustered,0.0,0.2,0.0,10.646,12.0,1.0,0.1235,0.014,0.379,0.1235,0.166,0.033,0.9155,0.058,0.0,0.0,0.0,concentration
clustered,0.0,0.2,0.1,10.646,12.0,1.0,0.1235,0.014,0.379,0.1235,0.166,0.0495,0.939,0.0705,0.0,0.0,0.0,concentration
clustered,0.0,0.2,0.25,10.646,12.0,1.0,0.1235,0.014,0.379,0.1235,0.166,0.078,0.9685,0.089,0.0,0.0,0.0,concentration
clustered,0.0,0.25,0.0,10.628,12.0,1.0,0.235,0.0385,0.507,0.21,0.301,0.047,0.931,0.106,0.0,0.0,0.0,concentration
clustered,0.0,0.25,0.1,10.628,12.0,1.0,0.235,0.0385,0.507,0.21,0.301,0.064,0.952,0.125,0.0,0.0,0.0,concentration
clustered,0.0,0.25,0.25,10.628,12.0,1.0,0.235,0.0385,0.507,0.21,0.301,0.1085,0.979,0.161,0.0,0.0,0.0,concentration
clustered,0.0,0.3,0.0,10.6135,12.0,1.0,0.401,0.097,0.643,0.331,0.484,0.0705,0.9515,0.189,0.0,0.0,0.0,concentration
clustered,0.0,0.3,0.1,10.6135,12.0,1.0,0.401,0.097,0.643,0.331,0.484,0.0975,0.967,0.228,0.0,0.0,0.0,concentration
clustered,0.0,0.3,0.25,10.6135,12.0,1.0,0.401,0.097,0.643,0.331,0.484,0.157,0.985,0.2915,0.0,0.0,0.0,concentration
clustered,0.0,0.4,0.0,10.5705,12.0,1.0,0.7615,0.3405,0.8465,0.592,0.7985,0.12,0.9795,0.4135,0.0,0.0,0.0,concentration
clustered,0.0,0.4,0.1,10.5705,12.0,1.0,0.7615,0.3405,0.8465,0.592,0.7985,0.163,0.988,0.4885,0.0,0.0,0.0,concentration
clustered,0.0,0.4,0.25,10.5705,12.0,1.0,0.7615,0.3405,0.8465,0.592,0.7985,0.239,0.993,0.5715,0.0,0.0,0.0,concentration
clustered,0.1,0.0,0.0,9.1545,10.3575,1.0,0.013,0.0,0.142,0.0175,0.0235,0.0105,0.8435,0.005,0.0,0.0,0.0,incremental_information
clustered,0.1,0.0,0.1,9.1545,10.3575,1.0,0.013,0.0,0.142,0.0175,0.0235,0.015,0.8905,0.0075,0.0,0.0,0.0,incremental_information
clustered,0.1,0.0,0.25,9.1545,10.3575,1.0,0.013,0.0,0.142,0.0175,0.0235,0.029,0.9415,0.0095,0.0,0.0,0.0,incremental_information
clustered,0.1,0.05,0.0,9.153,10.3575,1.0,0.0155,0.001,0.159,0.0205,0.0265,0.008,0.8575,0.0065,0.0,0.0,0.0,concentration
clustered,0.1,0.05,0.1,9.153,10.3575,1.0,0.0155,0.001,0.159,0.0205,0.0265,0.0115,0.908,0.009,0.0,0.0,0.0,concentration
clustered,0.1,0.05,0.25,9.153,10.3575,1.0,0.0155,0.001,0.159,0.0205,0.0265,0.022,0.95,0.012,0.0,0.0,0.0,concentration
clustered,0.1,0.1,0.0,9.115,10.3575,1.0,0.024,0.0015,0.1935,0.0335,0.046,0.0135,0.8615,0.009,0.0,0.0,0.0,concentration
clustered,0.1,0.1,0.1,9.115,10.3575,1.0,0.024,0.0015,0.1935,0.0335,0.046,0.0205,0.91,0.0115,0.0,0.0,0.0,concentration
clustered,0.1,0.1,0.25,9.115,10.3575,1.0,0.024,0.0015,0.1935,0.0335,0.046,0.0315,0.9525,0.018,0.0,0.0,0.0,concentration
clustered,0.1,0.15,0.0,9.1085,10.3575,1.0,0.0515,0.006,0.2715,0.0625,0.075,0.016,0.8865,0.0225,0.0,0.0,0.0,concentration
clustered,0.1,0.15,0.1,9.1085,10.3575,1.0,0.0515,0.006,0.2715,0.0625,0.075,0.0255,0.92,0.031,0.0,0.0,0.0,concentration
clustered,0.1,0.15,0.25,9.1085,10.3575,1.0,0.0515,0.006,0.2715,0.0625,0.075,0.0435,0.957,0.0405,0.0,0.0,0.0,concentration
clustered,0.1,0.2,0.0,9.0925,10.3575,1.0,0.1095,0.0165,0.373,0.115,0.15,0.026,0.912,0.051,0.0,0.0,0.0,concentration
clustered,0.1,0.2,0.1,9.0925,10.3575,1.0,0.1095,0.0165,0.373,0.115,0.15,0.037,0.9385,0.0645,0.0,0.0,0.0,concentration
clustered,0.1,0.2,0.25,9.0925,10.3575,1.0,0.1095,0.0165,0.373,0.115,0.15,0.0675,0.964,0.084,0.0,0.0,0.0,concentration
clustered,0.1,0.25,0.0,9.0745,10.3575,1.0,0.2155,0.048,0.489,0.199,0.28,0.0315,0.9325,0.093,0.0,0.0,0.0,concentration
clustered,0.1,0.25,0.1,9.0745,10.3575,1.0,0.2155,0.048,0.489,0.199,0.28,0.05,0.955,0.1155,0.0,0.0,0.0,concentration
clustered,0.1,0.25,0.25,9.0745,10.3575,1.0,0.2155,0.048,0.489,0.199,0.28,0.081,0.9735,0.1535,0.0,0.0,0.0,concentration
clustered,0.1,0.3,0.0,9.0575,10.3575,1.0,0.3695,0.1005,0.5995,0.3125,0.4385,0.0495,0.9475,0.1615,0.0,0.0,0.0,concentration
clustered,0.1,0.3,0.1,9.0575,10.3575,1.0,0.3695,0.1005,0.5995,0.3125,0.4385,0.074,0.965,0.2085,0.0,0.0,0.0,concentration
clustered,0.1,0.3,0.25,9.0575,10.3575,1.0,0.3695,0.1005,0.5995,0.3125,0.4385,0.112,0.9795,0.2615,0.0,0.0,0.0,concentration
clustered,0.1,0.4,0.0,9.046,10.3575,1.0,0.7185,0.3215,0.8145,0.5635,0.7695,0.092,0.979,0.3675,0.0,0.0,0.0,concentration
clustered,0.1,0.4,0.1,9.046,10.3575,1.0,0.7185,0.3215,0.8145,0.5635,0.7695,0.118,0.986,0.431,0.0,0.0,0.0,concentration
clustered,0.1,0.4,0.25,9.046,10.3575,1.0,0.7185,0.3215,0.8145,0.5635,0.7695,0.175,0.9945,0.521,0.0,0.0,0.0,concentration
heavy_tailed,0.0,0.0,0.0,10.754,12.0,1.0,0.017,0.0005,0.179,0.0215,0.025,0.0105,0.9265,0.0075,0.0,0.0,0.0,concentration
heavy_tailed,0.0,0.0,0.1,10.754,12.0,1.0,0.017,0.0005,0.179,0.0215,0.025,0.0225,0.9495,0.012,0.0,0.0,0.0,concentration
heavy_tailed,0.0,0.0,0.25,10.754,12.0,1.0,0.017,0.0005,0.179,0.0215,0.025,0.047,0.9695,0.02,0.0,0.0,0.0,concentration
heavy_tailed,0.0,0.05,0.0,10.7195,12.0,1.0,0.025,0.0,0.2025,0.028,0.033,0.012,0.9345,0.01,0.0,0.0,0.0,incremental_information
heavy_tailed,0.0,0.05,0.1,10.7195,12.0,1.0,0.025,0.0,0.2025,0.028,0.033,0.024,0.95,0.0185,0.0,0.0,0.0,incremental_information
heavy_tailed,0.0,0.05,0.25,10.7195,12.0,1.0,0.025,0.0,0.2025,0.028,0.033,0.053,0.969,0.029,0.0,0.0,0.0,incremental_information
heavy_tailed,0.0,0.1,0.0,10.7475,12.0,1.0,0.0515,0.001,0.2605,0.047,0.0535,0.016,0.9445,0.0245,0.0,0.0,0.0,concentration
heavy_tailed,0.0,0.1,0.1,10.7475,12.0,1.0,0.0515,0.001,0.2605,0.047,0.0535,0.0335,0.9595,0.036,0.0,0.0,0.0,concentration
heavy_tailed,0.0,0.1,0.25,10.7475,12.0,1.0,0.0515,0.001,0.2605,0.047,0.0535,0.0725,0.9745,0.0545,0.0,0.0,0.0,concentration
heavy_tailed,0.0,0.15,0.0,10.7185,12.0,1.0,0.1255,0.0065,0.372,0.1025,0.118,0.0225,0.948,0.058,0.0,0.0,0.0,concentration
heavy_tailed,0.0,0.15,0.1,10.7185,12.0,1.0,0.1255,0.0065,0.372,0.1025,0.118,0.048,0.961,0.076,0.0,0.0,0.0,concentration
heavy_tailed,0.0,0.15,0.25,10.7185,12.0,1.0,0.1255,0.0065,0.372,0.1025,0.118,0.1045,0.975,0.108,0.0,0.0,0.0,concentration
heavy_tailed,0.0,0.2,0.0,10.7005,12.0,1.0,0.2545,0.0215,0.493,0.1815,0.2245,0.039,0.952,0.1085,0.0,0.0,0.0,concentration
heavy_tailed,0.0,0.2,0.1,10.7005,12.0,1.0,0.2545,0.0215,0.493,0.1815,0.2245,0.0715,0.9665,0.1445,0.0,0.0,0.0,concentration
heavy_tailed,0.0,0.2,0.25,10.7005,12.0,1.0,0.2545,0.0215,0.493,0.1815,0.2245,0.1305,0.976,0.1955,0.0,0.0,0.0,concentration
heavy_tailed,0.0,0.25,0.0,10.663,12.0,1.0,0.4445,0.0625,0.6185,0.301,0.38,0.0625,0.963,0.1935,0.0,0.0,0.0,concentration
heavy_tailed,0.0,0.25,0.1,10.663,12.0,1.0,0.4445,0.0625,0.6185,0.301,0.38,0.1055,0.975,0.248,0.0,0.0,0.0,concentration
heavy_tailed,0.0,0.25,0.25,10.663,12.0,1.0,0.4445,0.0625,0.6185,0.301,0.38,0.1855,0.981,0.321,0.0,0.0,0.0,concentration
heavy_tailed,0.0,0.3,0.0,10.644,12.0,1.0,0.643,0.1435,0.729,0.407,0.553,0.0915,0.965,0.3065,0.0,0.0,0.0,concentration
heavy_tailed,0.0,0.3,0.1,10.644,12.0,1.0,0.643,0.1435,0.729,0.407,0.553,0.151,0.9775,0.3775,0.0,0.0,0.0,concentration
heavy_tailed,0.0,0.3,0.25,10.644,12.0,1.0,0.643,0.1435,0.729,0.407,0.553,0.2155,0.985,0.457,0.0,0.0,0.0,concentration
heavy_tailed,0.0,0.4,0.0,10.6645,12.0,1.0,0.9035,0.4385,0.881,0.659,0.832,0.199,0.9835,0.542,0.0,0.0,0.0,concentration
heavy_tailed,0.0,0.4,0.1,10.6645,12.0,1.0,0.9035,0.4385,0.881,0.659,0.832,0.267,0.986,0.622,0.0,0.0,0.0,concentration
heavy_tailed,0.0,0.4,0.25,10.6645,12.0,1.0,0.9035,0.4385,0.881,0.659,0.832,0.3395,0.991,0.7065,0.0,0.0,0.0,concentration
heavy_tailed,0.1,0.0,0.0,9.193,10.3555,1.0,0.0165,0.0005,0.17,0.0205,0.017,0.008,0.914,0.0085,0.0,0.0,0.0,concentration
heavy_tailed,0.1,0.0,0.1,9.193,10.3555,1.0,0.0165,0.0005,0.17,0.0205,0.017,0.013,0.9385,0.011,0.0,0.0,0.0,concentration
heavy_tailed,0.1,0.0,0.25,9.193,10.3555,1.0,0.0165,0.0005,0.17,0.0205,0.017,0.038,0.9595,0.0185,0.0,0.0,0.0,concentration
heavy_tailed,0.1,0.05,0.0,9.2295,10.3555,1.0,0.0205,0.001,0.1955,0.028,0.026,0.009,0.914,0.01,0.0,0.0,0.0,concentration
heavy_tailed,0.1,0.05,0.1,9.2295,10.3555,1.0,0.0205,0.001,0.1955,0.028,0.026,0.018,0.936,0.0165,0.0,0.0,0.0,concentration
heavy_tailed,0.1,0.05,0.25,9.2295,10.3555,1.0,0.0205,0.001,0.1955,0.028,0.026,0.041,0.9575,0.0245,0.0,0.0,0.0,concentration
heavy_tailed,0.1,0.1,0.0,9.2105,10.3555,1.0,0.0475,0.003,0.2605,0.05,0.052,0.013,0.923,0.021,0.0,0.0,0.0,concentration
heavy_tailed,0.1,0.1,0.1,9.2105,10.3555,1.0,0.0475,0.003,0.2605,0.05,0.052,0.0255,0.9465,0.0335,0.0,0.0,0.0,concentration
heavy_tailed,0.1,0.1,0.25,9.2105,10.3555,1.0,0.0475,0.003,0.2605,0.05,0.052,0.06,0.965,0.047,0.0,0.0,0.0,concentration
heavy_tailed,0.1,0.15,0.0,9.171,10.3555,1.0,0.1165,0.006,0.349,0.0925,0.1065,0.02,0.935,0.046,0.0,0.0,0.0,concentration
heavy_tailed,0.1,0.15,0.1,9.171,10.3555,1.0,0.1165,0.006,0.349,0.0925,0.1065,0.039,0.953,0.0625,0.0,0.0,0.0,concentration
heavy_tailed,0.1,0.15,0.25,9.171,10.3555,1.0,0.1165,0.006,0.349,0.0925,0.1065,0.085,0.9705,0.0935,0.0,0.0,0.0,concentration
heavy_tailed,0.1,0.2,0.0,9.1575,10.3555,1.0,0.2405,0.0235,0.4605,0.162,0.2085,0.0325,0.949,0.1025,0.0,0.0,0.0,concentration
heavy_tailed,0.1,0.2,0.1,9.1575,10.3555,1.0,0.2405,0.0235,0.4605,0.162,0.2085,0.0605,0.9615,0.129,0.0,0.0,0.0,concentration
heavy_tailed,0.1,0.2,0.25,9.1575,10.3555,1.0,0.2405,0.0235,0.4605,0.162,0.2085,0.106,0.9725,0.181,0.0,0.0,0.0,concentration
heavy_tailed,0.1,0.25,0.0,9.1525,10.3555,1.0,0.419,0.0655,0.593,0.267,0.36,0.051,0.9555,0.1795,0.0,0.0,0.0,concentration
heavy_tailed,0.1,0.25,0.1,9.1525,10.3555,1.0,0.419,0.0655,0.593,0.267,0.36,0.083,0.9695,0.227,0.0,0.0,0.0,concentration
heavy_tailed,0.1,0.25,0.25,9.1525,10.3555,1.0,0.419,0.0655,0.593,0.267,0.36,0.14,0.977,0.294,0.0,0.0,0.0,concentration
heavy_tailed,0.1,0.3,0.0,9.144,10.3555,1.0,0.6215,0.137,0.7015,0.389,0.534,0.076,0.9645,0.278,0.0,0.0,0.0,concentration
heavy_tailed,0.1,0.3,0.1,9.144,10.3555,1.0,0.6215,0.137,0.7015,0.389,0.534,0.1165,0.9725,0.344,0.0,0.0,0.0,concentration
heavy_tailed,0.1,0.3,0.25,9.144,10.3555,1.0,0.6215,0.137,0.7015,0.389,0.534,0.1785,0.983,0.418,0.0,0.0,0.0,concentration
heavy_tailed,0.1,0.4,0.0,9.125,10.3555,1.0,0.8825,0.413,0.861,0.6315,0.8125,0.1535,0.978,0.5115,0.0,0.0,0.0,concentration
heavy_tailed,0.1,0.4,0.1,9.125,10.3555,1.0,0.8825,0.413,0.861,0.6315,0.8125,0.211,0.984,0.585,0.0,0.0,0.0,concentration
heavy_tailed,0.1,0.4,0.25,9.125,10.3555,1.0,0.8825,0.413,0.861,0.6315,0.8125,0.277,0.989,0.673,0.0,0.0,0.0,concentration
up_stronger,0.0,0.0,0.0,10.74,12.0,1.0,0.015,0.001,0.1765,0.02,0.019,0.0075,0.8685,0.009,0.0,0.0,0.0,concentration
up_stronger,0.0,0.0,0.1,10.74,12.0,1.0,0.015,0.001,0.1765,0.02,0.019,0.016,0.9105,0.0125,0.0,0.0,0.0,concentration
up_stronger,0.0,0.0,0.25,10.74,12.0,1.0,0.015,0.001,0.1765,0.02,0.019,0.036,0.9445,0.018,0.0,0.0,0.0,concentration
up_stronger,0.0,0.05,0.0,10.7625,12.0,1.0,0.0155,0.001,0.192,0.0235,0.0225,0.009,0.872,0.01,0.0,0.0,0.0,concentration
up_stronger,0.0,0.05,0.1,10.7625,12.0,1.0,0.0155,0.001,0.192,0.0235,0.0225,0.017,0.911,0.015,0.0,0.0,0.0,concentration
up_stronger,0.0,0.05,0.25,10.7625,12.0,1.0,0.0155,0.001,0.192,0.0235,0.0225,0.035,0.9485,0.0215,0.0,0.0,0.0,concentration
up_stronger,0.0,0.1,0.0,10.744,12.0,1.0,0.031,0.0015,0.2325,0.038,0.0395,0.0095,0.883,0.018,0.0,0.0,0.0,concentration
up_stronger,0.0,0.1,0.1,10.744,12.0,1.0,0.031,0.0015,0.2325,0.038,0.0395,0.0215,0.9185,0.0265,0.0,0.0,0.0,concentration
up_stronger,0.0,0.1,0.25,10.744,12.0,1.0,0.031,0.0015,0.2325,0.038,0.0395,0.0405,0.959,0.038,0.0,0.0,0.0,concentration
up_stronger,0.0,0.15,0.0,10.7065,12.0,1.0,0.0725,0.0025,0.2955,0.0635,0.075,0.013,0.8955,0.033,0.0,0.0,0.0,concentration
up_stronger,0.0,0.15,0.1,10.7065,12.0,1.0,0.0725,0.0025,0.2955,0.0635,0.075,0.026,0.927,0.047,0.0,0.0,0.0,concentration
up_stronger,0.0,0.15,0.25,10.7065,12.0,1.0,0.0725,0.0025,0.2955,0.0635,0.075,0.049,0.959,0.065,0.0,0.0,0.0,concentration
up_stronger,0.0,0.2,0.0,10.686,12.0,1.0,0.13,0.0065,0.3765,0.103,0.1315,0.024,0.907,0.0665,0.0,0.0,0.0,concentration
up_stronger,0.0,0.2,0.1,10.686,12.0,1.0,0.13,0.0065,0.3765,0.103,0.1315,0.04,0.9375,0.085,0.0,0.0,0.0,concentration
up_stronger,0.0,0.2,0.25,10.686,12.0,1.0,0.13,0.0065,0.3765,0.103,0.1315,0.073,0.961,0.1185,0.0,0.0,0.0,concentration
up_stronger,0.0,0.25,0.0,10.6615,12.0,1.0,0.2365,0.023,0.4855,0.167,0.217,0.0355,0.918,0.1075,0.0,0.0,0.0,concentration
up_stronger,0.0,0.25,0.1,10.6615,12.0,1.0,0.2365,0.023,0.4855,0.167,0.217,0.0575,0.9475,0.1415,0.0,0.0,0.0,concentration
up_stronger,0.0,0.25,0.25,10.6615,12.0,1.0,0.2365,0.023,0.4855,0.167,0.217,0.103,0.9655,0.1935,0.0,0.0,0.0,concentration
up_stronger,0.0,0.3,0.0,10.6555,12.0,1.0,0.3875,0.0535,0.6005,0.2575,0.345,0.0475,0.9235,0.1805,0.0,0.0,0.0,concentration
up_stronger,0.0,0.3,0.1,10.6555,12.0,1.0,0.3875,0.0535,0.6005,0.2575,0.345,0.073,0.95,0.224,0.0,0.0,0.0,concentration
up_stronger,0.0,0.3,0.25,10.6555,12.0,1.0,0.3875,0.0535,0.6005,0.2575,0.345,0.1345,0.9735,0.2855,0.0,0.0,0.0,concentration
up_stronger,0.0,0.4,0.0,10.664,12.0,1.0,0.716,0.207,0.792,0.4695,0.618,0.1015,0.956,0.366,0.0,0.0,0.0,concentration
up_stronger,0.0,0.4,0.1,10.664,12.0,1.0,0.716,0.207,0.792,0.4695,0.618,0.1365,0.9705,0.4215,0.0,0.0,0.0,concentration
up_stronger,0.0,0.4,0.25,10.664,12.0,1.0,0.716,0.207,0.792,0.4695,0.618,0.211,0.983,0.498,0.0,0.0,0.0,concentration
up_stronger,0.1,0.0,0.0,9.227,10.3685,1.0,0.0135,0.0005,0.182,0.0185,0.0175,0.011,0.853,0.0065,0.0,0.0,0.0,concentration
up_stronger,0.1,0.0,0.1,9.227,10.3685,1.0,0.0135,0.0005,0.182,0.0185,0.0175,0.0185,0.8975,0.009,0.0,0.0,0.0,concentration
up_stronger,0.1,0.0,0.25,9.227,10.3685,1.0,0.0135,0.0005,0.182,0.0185,0.0175,0.0345,0.9375,0.0155,0.0,0.0,0.0,concentration
up_stronger,0.1,0.05,0.0,9.237,10.3685,1.0,0.018,0.0005,0.198,0.0245,0.0205,0.0085,0.868,0.009,0.0,0.0,0.0,concentration
up_stronger,0.1,0.05,0.1,9.237,10.3685,1.0,0.018,0.0005,0.198,0.0245,0.0205,0.0175,0.9045,0.015,0.0,0.0,0.0,concentration
up_stronger,0.1,0.05,0.25,9.237,10.3685,1.0,0.018,0.0005,0.198,0.0245,0.0205,0.0315,0.942,0.017,0.0,0.0,0.0,concentration
up_stronger,0.1,0.1,0.0,9.222,10.3685,1.0,0.0295,0.0015,0.233,0.036,0.0385,0.0095,0.885,0.0165,0.0,0.0,0.0,concentration
up_stronger,0.1,0.1,0.1,9.222,10.3685,1.0,0.0295,0.0015,0.233,0.036,0.0385,0.019,0.9095,0.024,0.0,0.0,0.0,concentration
up_stronger,0.1,0.1,0.25,9.222,10.3685,1.0,0.0295,0.0015,0.233,0.036,0.0385,0.032,0.945,0.0325,0.0,0.0,0.0,concentration
up_stronger,0.1,0.15,0.0,9.1855,10.3685,1.0,0.061,0.0045,0.296,0.0605,0.0725,0.0195,0.8895,0.0285,0.0,0.0,0.0,concentration
up_stronger,0.1,0.15,0.1,9.1855,10.3685,1.0,0.061,0.0045,0.296,0.0605,0.0725,0.03,0.9245,0.0385,0.0,0.0,0.0,concentration
up_stronger,0.1,0.15,0.25,9.1855,10.3685,1.0,0.061,0.0045,0.296,0.0605,0.0725,0.045,0.953,0.057,0.0,0.0,0.0,concentration
up_stronger,0.1,0.2,0.0,9.159,10.3685,1.0,0.129,0.007,0.378,0.0945,0.1205,0.0275,0.9,0.048,0.0,0.0,0.0,concentration
up_stronger,0.1,0.2,0.1,9.159,10.3685,1.0,0.129,0.007,0.378,0.0945,0.1205,0.0415,0.9285,0.0675,0.0,0.0,0.0,concentration
up_stronger,0.1,0.2,0.25,9.159,10.3685,1.0,0.129,0.007,0.378,0.0945,0.1205,0.0605,0.961,0.0935,0.0,0.0,0.0,concentration
up_stronger,0.1,0.25,0.0,9.14,10.3685,1.0,0.219,0.0205,0.4725,0.1505,0.2095,0.0305,0.913,0.086,0.0,0.0,0.0,concentration
up_stronger,0.1,0.25,0.1,9.14,10.3685,1.0,0.219,0.0205,0.4725,0.1505,0.2095,0.046,0.942,0.1185,0.0,0.0,0.0,concentration
up_stronger,0.1,0.25,0.25,9.14,10.3685,1.0,0.219,0.0205,0.4725,0.1505,0.2095,0.073,0.97,0.1595,0.0,0.0,0.0,concentration
up_stronger,0.1,0.3,0.0,9.101,10.3685,1.0,0.349,0.0545,0.566,0.235,0.302,0.0425,0.932,0.145,0.0,0.0,0.0,concentration
up_stronger,0.1,0.3,0.1,9.101,10.3685,1.0,0.349,0.0545,0.566,0.235,0.302,0.0635,0.9515,0.191,0.0,0.0,0.0,concentration
up_stronger,0.1,0.3,0.25,9.101,10.3685,1.0,0.349,0.0545,0.566,0.235,0.302,0.0945,0.973,0.2515,0.0,0.0,0.0,concentration
up_stronger,0.1,0.4,0.0,9.047,10.3685,1.0,0.6615,0.1945,0.763,0.421,0.5755,0.0765,0.9435,0.3185,0.0,0.0,0.0,concentration
up_stronger,0.1,0.4,0.1,9.047,10.3685,1.0,0.6615,0.1945,0.763,0.421,0.5755,0.1005,0.963,0.382,0.0,0.0,0.0,concentration
up_stronger,0.1,0.4,0.25,9.047,10.3685,1.0,0.6615,0.1945,0.763,0.421,0.5755,0.151,0.978,0.4455,0.0,0.0,0.0,concentration
down_stronger,0.0,0.0,0.0,10.702,12.0,1.0,0.014,0.0,0.171,0.015,0.017,0.0105,0.8555,0.01,0.0,0.0,0.0,incremental_information
down_stronger,0.0,0.0,0.1,10.702,12.0,1.0,0.014,0.0,0.171,0.015,0.017,0.018,0.8945,0.0115,0.0,0.0,0.0,incremental_information
down_stronger,0.0,0.0,0.25,10.702,12.0,1.0,0.014,0.0,0.171,0.015,0.017,0.043,0.9375,0.0165,0.0,0.0,0.0,incremental_information
down_stronger,0.0,0.05,0.0,10.715,12.0,1.0,0.019,0.0005,0.193,0.0185,0.027,0.0115,0.8595,0.012,0.0,0.0,0.0,concentration
down_stronger,0.0,0.05,0.1,10.715,12.0,1.0,0.019,0.0005,0.193,0.0185,0.027,0.019,0.8975,0.016,0.0,0.0,0.0,concentration
down_stronger,0.0,0.05,0.25,10.715,12.0,1.0,0.019,0.0005,0.193,0.0185,0.027,0.037,0.94,0.0235,0.0,0.0,0.0,concentration
down_stronger,0.0,0.1,0.0,10.705,12.0,1.0,0.0335,0.0005,0.2345,0.0355,0.0435,0.017,0.8715,0.02,0.0,0.0,0.0,concentration
down_stronger,0.0,0.1,0.1,10.705,12.0,1.0,0.0335,0.0005,0.2345,0.0355,0.0435,0.0275,0.904,0.025,0.0,0.0,0.0,concentration
down_stronger,0.0,0.1,0.25,10.705,12.0,1.0,0.0335,0.0005,0.2345,0.0355,0.0435,0.044,0.9415,0.037,0.0,0.0,0.0,concentration
down_stronger,0.0,0.15,0.0,10.682,12.0,1.0,0.069,0.0015,0.301,0.0685,0.07,0.019,0.8815,0.0305,0.0,0.0,0.0,concentration
down_stronger,0.0,0.15,0.1,10.682,12.0,1.0,0.069,0.0015,0.301,0.0685,0.07,0.03,0.9105,0.045,0.0,0.0,0.0,concentration
down_stronger,0.0,0.15,0.25,10.682,12.0,1.0,0.069,0.0015,0.301,0.0685,0.07,0.0565,0.9465,0.0615,0.0,0.0,0.0,concentration
down_stronger,0.0,0.2,0.0,10.6765,12.0,1.0,0.127,0.0065,0.3905,0.116,0.1155,0.023,0.8955,0.0625,0.0,0.0,0.0,concentration
down_stronger,0.0,0.2,0.1,10.6765,12.0,1.0,0.127,0.0065,0.3905,0.116,0.1155,0.042,0.9175,0.085,0.0,0.0,0.0,concentration
down_stronger,0.0,0.2,0.25,10.6765,12.0,1.0,0.127,0.0065,0.3905,0.116,0.1155,0.079,0.9515,0.115,0.0,0.0,0.0,concentration
down_stronger,0.0,0.25,0.0,10.67,12.0,1.0,0.2365,0.018,0.5005,0.176,0.1985,0.034,0.916,0.098,0.0,0.0,0.0,concentration
down_stronger,0.0,0.25,0.1,10.67,12.0,1.0,0.2365,0.018,0.5005,0.176,0.1985,0.056,0.934,0.1225,0.0,0.0,0.0,concentration
down_stronger,0.0,0.25,0.25,10.67,12.0,1.0,0.2365,0.018,0.5005,0.176,0.1985,0.103,0.9575,0.1695,0.0,0.0,0.0,concentration
down_stronger,0.0,0.3,0.0,10.6375,12.0,1.0,0.376,0.052,0.6015,0.2525,0.328,0.0535,0.916,0.164,0.0,0.0,0.0,concentration
down_stronger,0.0,0.3,0.1,10.6375,12.0,1.0,0.376,0.052,0.6015,0.2525,0.328,0.0785,0.9345,0.207,0.0,0.0,0.0,concentration
down_stronger,0.0,0.3,0.25,10.6375,12.0,1.0,0.376,0.052,0.6015,0.2525,0.328,0.1335,0.962,0.262,0.0,0.0,0.0,concentration
down_stronger,0.0,0.4,0.0,10.6055,12.0,1.0,0.6915,0.1785,0.771,0.4315,0.618,0.1035,0.9365,0.336,0.0,0.0,0.0,concentration
down_stronger,0.0,0.4,0.1,10.6055,12.0,1.0,0.6915,0.1785,0.771,0.4315,0.618,0.144,0.9535,0.3995,0.0,0.0,0.0,concentration
down_stronger,0.0,0.4,0.25,10.6055,12.0,1.0,0.6915,0.1785,0.771,0.4315,0.618,0.2115,0.975,0.4715,0.0,0.0,0.0,concentration
down_stronger,0.1,0.0,0.0,9.152,10.367,0.999,0.0135,0.0,0.178,0.0195,0.0155,0.0085,0.847,0.0085,0.0,0.0,0.0,incremental_information
down_stronger,0.1,0.0,0.1,9.152,10.367,0.999,0.0135,0.0,0.178,0.0195,0.0155,0.017,0.895,0.0105,0.0,0.0,0.0,incremental_information
down_stronger,0.1,0.0,0.25,9.152,10.367,0.999,0.0135,0.0,0.178,0.0195,0.0155,0.0315,0.9355,0.014,0.0,0.0,0.0,incremental_information
down_stronger,0.1,0.05,0.0,9.1725,10.367,0.999,0.017,0.001,0.197,0.025,0.0245,0.007,0.837,0.0085,0.0,0.0,0.0,concentration
down_stronger,0.1,0.05,0.1,9.1725,10.367,0.999,0.017,0.001,0.197,0.025,0.0245,0.0145,0.8895,0.0135,0.0,0.0,0.0,concentration
down_stronger,0.1,0.05,0.25,9.1725,10.367,0.999,0.017,0.001,0.197,0.025,0.0245,0.0325,0.937,0.019,0.0,0.0,0.0,concentration
down_stronger,0.1,0.1,0.0,9.1555,10.367,0.999,0.033,0.001,0.235,0.0415,0.0385,0.0085,0.849,0.015,0.0,0.0,0.0,concentration
down_stronger,0.1,0.1,0.1,9.1555,10.367,0.999,0.033,0.001,0.235,0.0415,0.0385,0.022,0.888,0.02,0.0,0.0,0.0,concentration
down_stronger,0.1,0.1,0.25,9.1555,10.367,0.999,0.033,0.001,0.235,0.0415,0.0385,0.037,0.935,0.0275,0.0,0.0,0.0,concentration
down_stronger,0.1,0.15,0.0,9.165,10.367,0.999,0.063,0.0025,0.2925,0.067,0.0655,0.016,0.8515,0.0325,0.0,0.0,0.0,concentration
down_stronger,0.1,0.15,0.1,9.165,10.367,0.999,0.063,0.0025,0.2925,0.067,0.0655,0.027,0.893,0.0415,0.0,0.0,0.0,concentration
down_stronger,0.1,0.15,0.25,9.165,10.367,0.999,0.063,0.0025,0.2925,0.067,0.0655,0.0505,0.936,0.0555,0.0,0.0,0.0,concentration
down_stronger,0.1,0.2,0.0,9.1225,10.367,0.999,0.118,0.008,0.3785,0.1075,0.1055,0.023,0.868,0.0555,0.0,0.0,0.0,concentration
down_stronger,0.1,0.2,0.1,9.1225,10.367,0.999,0.118,0.008,0.3785,0.1075,0.1055,0.0315,0.9025,0.0725,0.0,0.0,0.0,concentration
down_stronger,0.1,0.2,0.25,9.1225,10.367,0.999,0.118,0.008,0.3785,0.1075,0.1055,0.0585,0.942,0.1,0.0,0.0,0.0,concentration
down_stronger,0.1,0.25,0.0,9.1255,10.367,0.999,0.217,0.0165,0.474,0.1665,0.198,0.03,0.893,0.0895,0.0,0.0,0.0,concentration
down_stronger,0.1,0.25,0.1,9.1255,10.367,0.999,0.217,0.0165,0.474,0.1665,0.198,0.0495,0.9175,0.115,0.0,0.0,0.0,concentration
down_stronger,0.1,0.25,0.25,9.1255,10.367,0.999,0.217,0.0165,0.474,0.1665,0.198,0.079,0.9485,0.1475,0.0,0.0,0.0,concentration
down_stronger,0.1,0.3,0.0,9.1305,10.367,0.999,0.343,0.0485,0.576,0.248,0.307,0.0465,0.911,0.144,0.0,0.0,0.0,concentration
down_stronger,0.1,0.3,0.1,9.1305,10.367,0.999,0.343,0.0485,0.576,0.248,0.307,0.0675,0.9315,0.1805,0.0,0.0,0.0,concentration
down_stronger,0.1,0.3,0.25,9.1305,10.367,0.999,0.343,0.0485,0.576,0.248,0.307,0.1045,0.9575,0.2295,0.0,0.0,0.0,concentration
down_stronger,0.1,0.4,0.0,9.1155,10.367,0.999,0.6555,0.1845,0.751,0.415,0.5805,0.079,0.9285,0.3,0.0,0.0,0.0,concentration
down_stronger,0.1,0.4,0.1,9.1155,10.367,0.999,0.6555,0.1845,0.751,0.415,0.5805,0.114,0.947,0.3545,0.0,0.0,0.0,concentration
down_stronger,0.1,0.4,0.25,9.1155,10.367,0.999,0.6555,0.1845,0.751,0.415,0.5805,0.163,0.9705,0.4215,0.0,0.0,0.0,concentration
